Title,Type,Price,Price/m2,Area,Legal Documents,Rooms,Toilets,Address
"ChÃ­nh chá»§ cÄƒn há»™ The Rivana 1PN-1.9 tá»·, cÄƒn 2PN-2.58 tá»·, Sá»• há»“ng sáºµn",Chung cÆ°,"2,58 tá»·","35,83 triá»‡u/mÂ²",72 mÂ²,Sá»• há»“ng riÃªng,2 phÃ²ng,2 phÃ²ng,"Quá»‘c Lá»™ 13, PhÆ°á»ng VÄ©nh PhÃº, ThÃ nh phá»‘ Thuáº­n An, BÃ¬nh DÆ°Æ¡ng"
"BÃ¡n 2PN Brilliant 112m2, full NT, giÃ¡ chá»‰ 7 tá»· 090, view cÃ´ng viÃªn",Chung cÆ°,"7,09 tá»·","63,30 triá»‡u/mÂ²",112 mÂ²,Há»£p Ä‘á»“ng mua bÃ¡n,2 phÃ²ng,2 phÃ²ng,"sá»‘ 88, N1, PhÆ°á»ng SÆ¡n Ká»³, Quáº­n TÃ¢n PhÃº, Tp Há»“ ChÃ­ Minh"
ğŸ’¥ BÃ¡n CÄƒn há»™ Bcons Solary 2PN chá»‰ tá»« 1ty5 táº¡i Trung TÃ¢m TP DÄ© An ğŸ’¥,Chung cÆ°,"1,5 tá»·",25 triá»‡u/mÂ²,60 mÂ²,Há»£p Ä‘á»“ng mua bÃ¡n,2 phÃ²ng,2 phÃ²ng,"ÄÆ°á»ng sá»‘ 4, PhÆ°á»ng TÃ¢n ÄÃ´ng Hiá»‡p, ThÃ nh phá»‘ DÄ© An, BÃ¬nh DÆ°Æ¡ng"
chin chá»§ cáº§n ban chung cÆ° cÄƒn gÃ³c 3 phong Ä‘ep thoan mÃ¡t Ä‘áº¹p,Chung cÆ°,"4,5 tá»·","3,01 triá»‡u/mÂ²",1495.9 mÂ²,Sá»• há»“ng riÃªng,3 phÃ²ng,3 phÃ²ng,"557 ben binh Ä‘onh phuong 13 , Ban Chung CÆ° CÄƒn Goc Äep 3 PhÃ²ng Ngá»§ Thoan MÃ¡t Äep, PhÆ°á»ng 13, Quáº­n 8, Tp Há»“ ChÃ­ Minh"
BÃ¡n CÄƒn 1 PHÃ²ng Ngá»§ -NhÃ  Má»›i - 780 triá»‡u,Chung cÆ°,780 triá»‡u,"20,53 triá»‡u/mÂ²",38 mÂ²,Äang chá» sá»•,1 phÃ²ng,1 phÃ²ng,"68, VÄ©nh Lá»™c A, XÃ£ VÄ©nh Lá»™c A, Huyá»‡n BÃ¬nh ChÃ¡nh, Tp Há»“ ChÃ­ Minh"
Cáº¦N BÃN Gáº¤P CÄ‚N Há»˜ SUNRISE RIVERSIDE - VIEW Cá»°C Äáº¸P 70M2 GIÃ Tá»T,Chung cÆ°,"4,9 tá»·",70 triá»‡u/mÂ²,70 mÂ²,Há»£p Ä‘á»“ng mua bÃ¡n,2 phÃ²ng,2 phÃ²ng,"Nguyá»…n Há»¯u Thá», XÃ£ PhÆ°á»›c Kiá»ƒn, Huyá»‡n NhÃ  BÃ¨, Tp Há»“ ChÃ­ Minh"
"cáº§n bÃ¡n nhanh cÄƒn há»™ 1ng+,1vs giÃ¡ 2tá»·250tr diá»‡n tÃ­ch 47m2 táº¡i VHOCP",Chung cÆ°,"2,25 tá»·","47,87 triá»‡u/mÂ²",47 mÂ²,Sá»• há»“ng riÃªng,1 phÃ²ng,1 phÃ²ng,"YÃªn ViÃªn, Thá»‹ tráº¥n TrÃ¢u Quá»³, Huyá»‡n Gia LÃ¢m, HÃ  Ná»™i"
chÃ­nh chá»§ cáº§n bÃ¡n cÄƒn há»™ 2n+2vs diá»‡n tÃ­ch 70m giÃ¡ 3 tá»· 300tr táº¡i VHOCB,Chung cÆ°,"3,3 tá»·","47,14 triá»‡u/mÂ²",70 mÂ²,Sá»• há»“ng riÃªng,2 phÃ²ng,2 phÃ²ng,"YÃªn ViÃªn, Thá»‹ tráº¥n TrÃ¢u Quá»³, Huyá»‡n Gia LÃ¢m, HÃ  Ná»™i"
chÃ­nh chá»§ cáº§n bÃ¡n cÄƒn há»™ 3n+2vs diá»‡n tÃ­ch 80m giÃ¡ 3 tá»· 600tr táº¡i VHOCB,Chung cÆ°,"3,6 tá»·",45 triá»‡u/mÂ²,80 mÂ²,Sá»• há»“ng riÃªng,3 phÃ²ng,2 phÃ²ng,"YÃªn ViÃªn, Thá»‹ tráº¥n TrÃ¢u Quá»³, Huyá»‡n Gia LÃ¢m, HÃ  Ná»™i"
GIA ÄÃŒNH EM MUá»N BÃN CÄ‚N STUDIO Táº¶NG Ná»˜I THáº¤T GIÃ 1 Tá»¶650TR Táº I VINHOM,Chung cÆ°,"1,65 tá»·","53,23 triá»‡u/mÂ²",31 mÂ²,Sá»• há»“ng riÃªng,1 phÃ²ng,1 phÃ²ng,"5, YÃªn ViÃªn, Thá»‹ tráº¥n TrÃ¢u Quá»³, Huyá»‡n Gia LÃ¢m, HÃ  Ná»™i"
"BÃ¡n nhanh (Ráºº) Emerald, 98m2 3PN + 2WC, Full ná»™i tháº¥t, giÃ¡ 4.7Tá»·",Chung cÆ°,"4,7 tá»·","47,96 triá»‡u/mÂ²",98 mÂ²,Há»£p Ä‘á»“ng mua bÃ¡n,3 phÃ²ng,2 phÃ²ng,"sá»‘ 88, N1, PhÆ°á»ng SÆ¡n Ká»³, Quáº­n TÃ¢n PhÃº, Tp Há»“ ChÃ­ Minh"
Táº­p thá»ƒ LÃª Thanh Nghá»‹ 110m 03 phÃ²ng ngá»§ sá»• Ä‘á» chÃ­nh chá»§ Hai BÃ  TrÆ°ng,"Táº­p thá»ƒ, cÆ° xÃ¡","4,5 tá»·","40,91 triá»‡u/mÂ²",110 mÂ²,Sá»• há»“ng riÃªng,3 phÃ²ng,2 phÃ²ng,"Phá»‘ LÃª Thanh Nghá»‹, PhÆ°á»ng BÃ¡ch Khoa, Quáº­n Hai BÃ  TrÆ°ng, HÃ  Ná»™i"
Giá» HÃ ng BÃ¡n CÄƒn Há»™ AKARI Máº·t Tiá»n VÃ• VÄ‚N KIá»†T -Vá»€ Q5-10P CDT Nam Long,Chung cÆ°,"2,65 tá»·","33,97 triá»‡u/mÂ²",78 mÂ²,Há»£p Ä‘á»“ng mua bÃ¡n,2 phÃ²ng,2 phÃ²ng,"VÃµ VÄƒn Kiá»‡t, PhÆ°á»ng An Láº¡c, Quáº­n BÃ¬nh TÃ¢n, Tp Há»“ ChÃ­ Minh"
"Bcons Green Topaz 2PN 2WC giÃ¡ 1,9 tá»·. cÃ³ cam káº¿t thuÃª 10 triá»‡u/ thÃ¡ng",Chung cÆ°,"1,9 tá»·","36,54 triá»‡u/mÂ²",52 mÂ²,Äang chá» sá»•,2 phÃ²ng,2 phÃ²ng,"Thá»‘ng Nháº¥t, ÄÃ´ng HÃ²a, DÄ© An, BÃ¬nh DÆ°Æ¡ng, PhÆ°á»ng ÄÃ´ng HÃ²a, ThÃ nh phá»‘ DÄ© An, BÃ¬nh DÆ°Æ¡ng"
"ChÃ­nh chá»§ bÃ¡n cÄƒn gÃ³c Bcons Suá»‘i TiÃªn 2PN 2WC giÃ¡ 1,88 tá»· bao thuáº¿ cc",Chung cÆ°,"1,88 tá»·","33,57 triá»‡u/mÂ²",56 mÂ²,Sá»• há»“ng riÃªng,2 phÃ²ng,2 phÃ²ng,"195/7 ÄÆ°á»ng TÃ¢n Láº­p, PhÆ°á»ng ÄÃ´ng HÃ²a, DÄ© An, BÃ¬nh DÆ°Æ¡ng, PhÆ°á»ng TÃ¢n ÄÃ´ng Hiá»‡p, ThÃ nh phá»‘ DÄ© An, BÃ¬nh DÆ°Æ¡ng"
"ChÃ­nh chá»§ cáº¯t lá»— cÄƒn há»™ Bcons Bee 2PN 2WC giÃ¡ chá»‰ cÃ²n 1,67 tá»·. Sá»• sáºµn",Chung cÆ°,"1,67 tá»·","30,93 triá»‡u/mÂ²",54 mÂ²,Sá»• há»“ng riÃªng,2 phÃ²ng,2 phÃ²ng,"Khu phá»‘ Ná»™i HÃ³a 1, PhÆ°á»ng BÃ¬nh An, ThÃ nh Phá»‘ DÄ© An, Tá»‰nh BÃ¬nh DÆ°Æ¡ng, PhÆ°á»ng BÃ¬nh An, ThÃ nh phá»‘ DÄ© An, BÃ¬nh DÆ°Æ¡ng"
"ChÃ­nh chá»§ bÃ¡n cÄƒn há»™ Bcons Green View 2PN 56m2 giÃ¡ 1,7 tá»·. Sá»• há»“ng sáºµn",Chung cÆ°,"1,7 tá»·","30,36 triá»‡u/mÂ²",56 mÂ²,Sá»• há»“ng riÃªng,2 phÃ²ng,2 phÃ²ng,"ÄÆ°á»ng Quá»‘c lá»™ 1K, Khu phá»‘ TÃ¢n HÃ²a, PhÆ°á»ng ÄÃ´ng HÃ²a, DÄ© An, BÃ¬nh DÆ°Æ¡ng, PhÆ°á»ng ÄÃ´ng HÃ²a, ThÃ nh phá»‘ DÄ© An, BÃ¬nh DÆ°Æ¡ng"
"ChÃ­nh chá»§ bÃ¡n ráº» CH Bcons Plaza 2PN 56m2 giÃ¡ 1,76 tá»·. Há»— trá»£ mua vay",Chung cÆ°,"1,76 tá»·","31,43 triá»‡u/mÂ²",56 mÂ²,Sá»• há»“ng riÃªng,2 phÃ²ng,2 phÃ²ng,"Máº·t tiá»n Ä‘Æ°á»ng Thá»‘ng Nháº¥t, phÆ°á»ng ÄÃ´ng HoÃ , DÄ© An, BÃ¬nh DÆ°Æ¡ng., PhÆ°á»ng ÄÃ´ng HÃ²a, ThÃ nh phá»‘ DÄ© An, BÃ¬nh DÆ°Æ¡ng"
"ChÃ­nh chá»§ bÃ¡n ráº» CÄƒn há»™ Pháº¡m VÄƒn Äá»“ng 1PN giÃ¡ 1,58tá»· bao phÃ­ sang tÃªn",Chung cÆ°,"1,58 tá»·","38,54 triá»‡u/mÂ²",41 mÂ²,Äang chá» sá»•,1 phÃ²ng,1 phÃ²ng,"10 Báº¿ VÄƒn ÄÃ n, PhÆ°á»ng An BÃ¬nh, ThÃ nh phá»‘ DÄ© An, BÃ¬nh DÆ°Æ¡ng, PhÆ°á»ng An BÃ¬nh, ThÃ nh phá»‘ DÄ© An, BÃ¬nh DÆ°Æ¡ng"
"Suáº¥t ná»™i bá»™ Bcons City thÃ¡p trung tÃ¢m cÄƒn 2PN giÃ¡ 2,2 tá»·. Ck 110 triá»‡u",Chung cÆ°,"2,2 tá»·","42,31 triá»‡u/mÂ²",52 mÂ²,Há»£p Ä‘á»“ng mua bÃ¡n,2 phÃ²ng,2 phÃ²ng,"ÄÆ°á»ng Thá»‘ng Nháº¥t, khu phá»‘ BÃ¬nh Tháº¯ng, PhÆ°á»ng ÄÃ´ng HÃ²a, ThÃ nh phá»‘ DÄ© An, BÃ¬nh DÆ°Æ¡ng, PhÆ°á»ng ÄÃ´ng HÃ²a, ThÃ nh phá»‘ DÄ© An, BÃ¬nh DÆ°Æ¡ng"
"SiÃªu ráº» cÄƒn há»™ Bcons Garden 2PN giÃ¡ chá»‰ 1,38 tá»·. Sá»• sáºµn há»— trá»£ mua vay",Chung cÆ°,"1,38 tá»·","32,09 triá»‡u/mÂ²",43 mÂ²,Sá»• há»“ng riÃªng,2 phÃ²ng,2 phÃ²ng,"65 ÄÆ°á»ng Pháº¡m Há»¯u Láº§u, PhÆ°á»ng DÄ© An, DÄ© An, BÃ¬nh DÆ°Æ¡ng, PhÆ°á»ng DÄ© An, ThÃ nh phá»‘ DÄ© An, BÃ¬nh DÆ°Æ¡ng"
"ChÃ­nh chá»§ cáº¯t lá»— cÄƒn há»™ Bcons City 2PN 2WC y hÃ¬nh 1,94 tá»· cÃ²n 1,85 tá»·",Chung cÆ°,"1,85 tá»·","35,58 triá»‡u/mÂ²",52 mÂ²,Há»£p Ä‘á»“ng mua bÃ¡n,2 phÃ²ng,2 phÃ²ng,"ÄÆ°á»ng Thá»‘ng Nháº¥t, khu phá»‘ BÃ¬nh Tháº¯ng, PhÆ°á»ng ÄÃ´ng HÃ²a, ThÃ nh phá»‘ DÄ© An, BÃ¬nh DÆ°Æ¡ng, PhÆ°á»ng ÄÃ´ng HÃ²a, ThÃ nh phá»‘ DÄ© An, BÃ¬nh DÆ°Æ¡ng"
CÄƒn Há»™ ven sÃ´ng liá»n ká» Aeon Mall BiÃªn HÃ²a - Sá»Ÿ há»¯u chá»‰ tá»« 160 Triá»‡u,Chung cÆ°,160 triá»‡u,"2,67 triá»‡u/mÂ²",60 mÂ²,Sá»• há»“ng riÃªng,2 phÃ²ng,2 phÃ²ng,"BÃ¹i Há»¯u NghÄ©a , PhÆ°á»ng TÃ¢n Váº¡n, ThÃ nh phá»‘ BiÃªn HÃ²a, Äá»“ng Nai"
"ChÃ­nh chá»§ cÄƒn há»™ The Rivana 1PN-1.9 tá»·, cÄƒn 2PN-2.58 tá»·, Sá»• há»“ng sáºµn",Chung cÆ°,"2,58 tá»·","35,83 triá»‡u/mÂ²",72 mÂ²,Sá»• há»“ng riÃªng,2 phÃ²ng,2 phÃ²ng,"Quá»‘c Lá»™ 13, PhÆ°á»ng VÄ©nh PhÃº, ThÃ nh phá»‘ Thuáº­n An, BÃ¬nh DÆ°Æ¡ng"
ChÃ­nh chá»§ bÃ¡n cÄƒn 1+ Masteri West Height full Ä‘á»“ view bá»ƒ bÆ¡i 3.63 tá»·,Chung cÆ°,"3,63 tá»·","84,42 triá»‡u/mÂ²",43 mÂ²,Há»£p Ä‘á»“ng mua bÃ¡n,2 phÃ²ng,1 phÃ²ng,"Äáº¡i Má»—, PhÆ°á»ng TÃ¢y Má»—, Quáº­n Nam Tá»« LiÃªm, HÃ  Ná»™i"
"Káº¹t tiá»n Tráº£ ná»£ Bank, BÃ¡n gáº¥p Penhouse Chung cÆ° PhÃºc YÃªn 1",Penthouse,"5,8 tá»·","29,74 triá»‡u/mÂ²",195 mÂ²,Sá»• há»“ng riÃªng,4 phÃ²ng,3 phÃ²ng,"33, Phan Huy Ãch, PhÆ°á»ng 15, Quáº­n TÃ¢n BÃ¬nh, Tp Há»“ ChÃ­ Minh"
chin chá»§ cáº§n ban cÄƒn há»™ ngay chung tam quan 8 Ä‘ep thoan,Chung cÆ°,"3,5 tá»·","52,01 triá»‡u/mÂ²",67.3 mÂ²,Sá»• há»“ng riÃªng,2 phÃ²ng,2 phÃ²ng,"557, 557 Ben Binh Dong Phuong 13 Quan 8, PhÆ°á»ng 13, Quáº­n 8, Tp Há»“ ChÃ­ Minh"
CÄƒn Há»™ ven sÃ´ng liá»n ká» Aeon Mall BiÃªn HÃ²a - Sá»Ÿ há»¯u chá»‰ tá»« 160 Triá»‡u,Chung cÆ°,160 triá»‡u,"2,67 triá»‡u/mÂ²",60 mÂ²,Sá»• há»“ng riÃªng,2 phÃ²ng,2 phÃ²ng,"BÃ¹i Há»¯u NghÄ©a , PhÆ°á»ng TÃ¢n Váº¡n, ThÃ nh phá»‘ BiÃªn HÃ²a, Äá»“ng Nai"
CHá»T LIá»€N TAY STUDIO VIEW Bá»‚ BÆ I GIÃ 1.66 Tá»¶ Táº¶NG Äá»’ Táº I VHOIP,Chung cÆ°,"1,66 tá»·","53,55 triá»‡u/mÂ²",31 mÂ²,Sá»• há»“ng riÃªng,1 phÃ²ng,1 phÃ²ng,"YÃªn ViÃªn, Thá»‹ tráº¥n TrÃ¢u Quá»³, Huyá»‡n Gia LÃ¢m, HÃ  Ná»™i"
"bÃ¡n cÄƒn 113m2, cc westgate, block C, táº§ng cao",Chung cÆ°,"4,16 tá»·","36,81 triá»‡u/mÂ²",113 mÂ²,Sá»• há»“ng riÃªng,3 phÃ²ng,2 phÃ²ng,"ÄÆ°á»ng TÃ¢n TÃºc, Thá»‹ tráº¥n TÃ¢n TÃºc, Huyá»‡n BÃ¬nh ChÃ¡nh, Tp Há»“ ChÃ­ Minh"
Táº­p thá»ƒ lÃ´ gÃ³c phá»‘ TÃ¢y SÆ¡n 76m 03 phÃ²ng ngá»§ sá»• Ä‘á» Äá»‘ng Äa,"Táº­p thá»ƒ, cÆ° xÃ¡","4,4 tá»·","57,89 triá»‡u/mÂ²",76 mÂ²,Sá»• há»“ng riÃªng,3 phÃ²ng,2 phÃ²ng,"TÃ¢y SÆ¡n, PhÆ°á»ng Nam Äá»“ng, Quáº­n Äá»‘ng Äa, HÃ  Ná»™i"
"2,6 Tá»¶- CÄ‚N STU 34,1m2 - view BIá»‚N+ SÆ N TRÃ€- chiáº¿t kháº¥u 16% giÃ¡ 2,6 tá»·",Chung cÆ°,"2,6 tá»·","76,25 triá»‡u/mÂ²",34.1 mÂ²,Sá»• há»“ng riÃªng,1 phÃ²ng,1 phÃ²ng,"ÄÆ°á»ng VÆ°Æ¡ng Thá»«a VÅ©, PhÆ°á»ng PhÆ°á»›c Má»¹, Quáº­n SÆ¡n TrÃ , ÄÃ  Náºµng"
"CÄƒn 2PN ráº» nháº¥t táº¡i PENINSULA DN- Tráº£ trÆ°á»›c 1,2-tá»· sá»Ÿ há»¯u ngay- LS 0%",Chung cÆ°,"3,35 tá»·","52,76 triá»‡u/mÂ²",63.5 mÂ²,Sá»• há»“ng riÃªng,2 phÃ²ng,2 phÃ²ng,"ÄÆ°á»ng LÃª VÄƒn Duyá»‡t, PhÆ°á»ng Náº¡i HiÃªn ÄÃ´ng, Quáº­n SÆ¡n TrÃ , ÄÃ  Náºµng"
CÄƒn há»™ LÃ½ ChiÃªu HoÃ ng 1PN1WC + 50m2 ( cÃ³ ban cÃ´ng),Chung cÆ°,"1,25 tá»·","24,51 triá»‡u/mÂ²",51 mÂ²,Há»£p Ä‘á»“ng mua bÃ¡n,1 phÃ²ng,1 phÃ²ng,"LÃ½ ChiÃªu HoÃ ng ná»‘i dÃ i, PhÆ°á»ng An Láº¡c, Quáº­n BÃ¬nh TÃ¢n, Tp Há»“ ChÃ­ Minh"
Cáº§n bÃ¡n chung cÆ° thÃ¡i an 3,Chung cÆ°,"1,28 tá»·","26,12 triá»‡u/mÂ²",49 mÂ²,Há»£p Ä‘á»“ng mua bÃ¡n,1 phÃ²ng,1 phÃ²ng,"Nguyá»…n VÄƒn QuÃ¡, PhÆ°á»ng ÄÃ´ng HÆ°ng Thuáº­n, Quáº­n 12, Tp Há»“ ChÃ­ Minh"
BÃN CHUNG CÆ¯ PHAN VÄ‚N TRá»Š - BÃŒNH THáº NH - 2PN - 42m2,Chung cÆ°,"2,29 tá»·","54,52 triá»‡u/mÂ²",42 mÂ²,Sá»• há»“ng riÃªng,2 phÃ²ng,1 phÃ²ng,"ÄÆ°á»ng Phan VÄƒn Trá»‹, PhÆ°á»ng 11, Quáº­n BÃ¬nh Tháº¡nh, Tp Há»“ ChÃ­ Minh"
Äi cÃ´ng tÃ¡c nÃªn cáº§n bÃ¡n gáº¥p cÄƒn há»™ 52m2 giÃ¡ 3tá»·,Chung cÆ°,3 tá»·,"52,63 triá»‡u/mÂ²",57 mÂ²,Há»£p Ä‘á»“ng mua bÃ¡n,2 phÃ²ng,1 phÃ²ng,"99, Báº¿n BÃ¬nh ÄÃ´ng, PhÆ°á»ng 11, Quáº­n 8, Tp Há»“ ChÃ­ Minh"
"Cáº§n bÃ¡n cÄƒn há»™ Citisoho á»Ÿ CÃ¡t LÃ¡i ,full ná»™i tháº¥t",Chung cÆ°,"1,99 tá»·","35,54 triá»‡u/mÂ²",56 mÂ²,Há»£p Ä‘á»“ng mua bÃ¡n,2 phÃ²ng,1 phÃ²ng,"CÃ¡t LÃ¡i, PhÆ°á»ng CÃ¡t LÃ¡i (Quáº­n 2 cÅ©), ThÃ nh phá»‘ Thá»§ Äá»©c, Tp Há»“ ChÃ­ Minh"
BÃ¡n cÄƒn há»™ An PhÃº gÃ³c 2pn 92m block A nhÃ  y hÃ¬nh,Chung cÆ°,"3,8 tá»·","41,30 triá»‡u/mÂ²",92 mÂ²,Sá»• há»“ng riÃªng,2 phÃ²ng,2 phÃ²ng,"ÄÆ°á»ng Háº­u Giang, PhÆ°á»ng 11, Quáº­n 6, Tp Há»“ ChÃ­ Minh"
CÄƒn há»™ 2 táº§ng 1 tum,Officetel,2 triá»‡u,86.580 Ä‘/mÂ²,23.1 mÂ²,Há»£p Ä‘á»“ng mua bÃ¡n,2 phÃ²ng,2 phÃ²ng,"29, NgÃµ 2 Phá»‘ Äáº¡i Tá»«, PhÆ°á»ng Thá»‹nh Liá»‡t, Quáº­n HoÃ ng Mai, HÃ  Ná»™i"
"Nháº­n booking chá»n quyá»n Æ°u tiÃªn cÄƒn Ä‘áº¹p vÃ  Ä‘á»™c báº£n,Tá»‰ lá»‡ láº¥y cÄƒn cao",Chung cÆ°,"1,9 tá»·",38 triá»‡u/mÂ²,50 mÂ²,Há»£p Ä‘á»“ng Ä‘áº·t cá»c,1 phÃ²ng,1 phÃ²ng,"nguyá»…n há»¯u TrÃ­, XÃ£ Thanh PhÃº, Huyá»‡n Báº¿n Lá»©c, Long An"
"CÄ‚N Há»˜ CHUNG CÆ¯ AN BÃŒNH THÃ€NH PHá» GIAO LÆ¯U, 3PN VIE Há»’ GIÃ Äáº¦U Tá»ª",Chung cÆ°,"7,35 triá»‡u",82.584 Ä‘/mÂ²,89 mÂ²,Sá»• há»“ng riÃªng,3 phÃ²ng,2 phÃ²ng,"234, Cá»• Nhuáº¿ 1, PhÆ°á»ng Cá»• Nhuáº¿ 1, Quáº­n Báº¯c Tá»« LiÃªm, HÃ  Ná»™i"
ğŸ’¥Chá»‰ 2 Tá»· CÃ³ CÄƒn Há»™ Chung CÆ° DT 46M2 2PN Full CÃ´ng NÄƒng View Landmark,Chung cÆ°,"2,2 tá»·","47,83 triá»‡u/mÂ²",46 mÂ²,Sá»• há»“ng riÃªng,2 phÃ²ng,1 phÃ²ng,"Phan VÄƒn Trá»‹, PhÆ°á»ng 11, Quáº­n BÃ¬nh Tháº¡nh, Tp Há»“ ChÃ­ Minh"
"bÃ¡n cÄƒn 59m2, block D, view cÃ´ng viÃªn á»§y ban, cc wesgate",Chung cÆ°,"2,49 tá»·","41,50 triá»‡u/mÂ²",60 mÂ²,Sá»• há»“ng riÃªng,2 phÃ²ng,2 phÃ²ng,"ÄÆ°á»ng TÃ¢n TÃºc, Thá»‹ tráº¥n TÃ¢n TÃºc, Huyá»‡n BÃ¬nh ChÃ¡nh, Tp Há»“ ChÃ­ Minh"
